<?xml version="1.0" encoding="UTF-8"?>
<project-private xmlns="http://www.netbeans.org/ns/project-private/1">
    <editor-bookmarks xmlns="http://www.netbeans.org/ns/editor-bookmarks/2" lastBookmarkId="2">
        <file>
            <url>src/Student.java</url>
            <bookmark id="1">
                <name/>
                <line>88</line>
                <key/>
            </bookmark>
        </file>
    </editor-bookmarks>
    <open-files xmlns="http://www.netbeans.org/ns/projectui-open-files/2">
        <group>
            <file>file:/D:/FU_25SP/LAB211/LAB01/LAB01/src/dispatcher/Main.java</file>
            <file>file:/D:/FU_25SP/LAB211/LAB01/LAB01/src/model/Mountain.java</file>
            <file>file:/D:/FU_25SP/LAB211/LAB01/LAB01/src/business/Statistics.java</file>
            <file>file:/D:/FU_25SP/LAB211/LAB01/LAB01/src/model/StatisticalInfo.java</file>
            <file>file:/D:/FU_25SP/LAB211/LAB01/LAB01/src/tools/Acceptable.java</file>
            <file>file:/D:/FU_25SP/LAB211/LAB01/LAB01/src/tools/Inputter.java</file>
            <file>file:/D:/FU_25SP/LAB211/LAB01/LAB01/src/tools/Menu.java</file>
            <file>file:/D:/FU_25SP/LAB211/LAB01/LAB01/src/business/Mountains.java</file>
            <file>file:/D:/FU_25SP/LAB211/LAB01/LAB01/src/business/Students.java</file>
            <file>file:/D:/FU_25SP/LAB211/LAB01/LAB01/src/model/Student.java</file>
        </group>
    </open-files>
</project-private>
