<?xml version="1.0" encoding="UTF-8"?>
<project-private xmlns="http://www.netbeans.org/ns/project-private/1">
    <editor-bookmarks xmlns="http://www.netbeans.org/ns/editor-bookmarks/2" lastBookmarkId="0"/>
    <open-files xmlns="http://www.netbeans.org/ns/projectui-open-files/2">
        <group>
            <file>file:/D:/DocumentJava/JavaApplication1/src/business/Mountains.java</file>
            <file>file:/D:/DocumentJava/JavaApplication1/src/model/Student.java</file>
            <file>file:/D:/DocumentJava/JavaApplication1/src/tools/Inputter.java</file>
            <file>file:/D:/DocumentJava/JavaApplication1/src/tools/Acceptable.java</file>
        </group>
    </open-files>
</project-private>
